,loan_id,Customer_ID,label,label_def,snapshot_date
0,CUS_0x1037_2023_01_01,CUS_0x1037,0,30dpd_6mob,2023-07-01
1,CUS_0x1069_2023_01_01,CUS_0x1069,0,30dpd_6mob,2023-07-01
2,CUS_0x114a_2023_01_01,CUS_0x114a,0,30dpd_6mob,2023-07-01
3,CUS_0x1184_2023_01_01,CUS_0x1184,0,30dpd_6mob,2023-07-01
4,CUS_0x1297_2023_01_01,CUS_0x1297,1,30dpd_6mob,2023-07-01
5,CUS_0x12fb_2023_01_01,CUS_0x12fb,0,30dpd_6mob,2023-07-01
6,CUS_0x1325_2023_01_01,CUS_0x1325,0,30dpd_6mob,2023-07-01
7,CUS_0x1341_2023_01_01,CUS_0x1341,0,30dpd_6mob,2023-07-01
8,CUS_0x1375_2023_01_01,CUS_0x1375,1,30dpd_6mob,2023-07-01
9,CUS_0x13a8_2023_01_01,CUS_0x13a8,0,30dpd_6mob,2023-07-01
10,CUS_0x13ef_2023_01_01,CUS_0x13ef,0,30dpd_6mob,2023-07-01
11,CUS_0x1440_2023_01_01,CUS_0x1440,0,30dpd_6mob,2023-07-01
12,CUS_0x1443_2023_01_01,CUS_0x1443,0,30dpd_6mob,2023-07-01
13,CUS_0x145a_2023_01_01,CUS_0x145a,0,30dpd_6mob,2023-07-01
14,CUS_0x1492_2023_01_01,CUS_0x1492,0,30dpd_6mob,2023-07-01
15,CUS_0x153d_2023_01_01,CUS_0x153d,0,30dpd_6mob,2023-07-01
16,CUS_0x1567_2023_01_01,CUS_0x1567,0,30dpd_6mob,2023-07-01
17,CUS_0x15ad_2023_01_01,CUS_0x15ad,1,30dpd_6mob,2023-07-01
18,CUS_0x1630_2023_01_01,CUS_0x1630,1,30dpd_6mob,2023-07-01
19,CUS_0x169c_2023_01_01,CUS_0x169c,0,30dpd_6mob,2023-07-01
20,CUS_0x169d_2023_01_01,CUS_0x169d,0,30dpd_6mob,2023-07-01
21,CUS_0x16f4_2023_01_01,CUS_0x16f4,0,30dpd_6mob,2023-07-01
22,CUS_0x1733_2023_01_01,CUS_0x1733,1,30dpd_6mob,2023-07-01
23,CUS_0x17c7_2023_01_01,CUS_0x17c7,0,30dpd_6mob,2023-07-01
24,CUS_0x181e_2023_01_01,CUS_0x181e,0,30dpd_6mob,2023-07-01
25,CUS_0x181f_2023_01_01,CUS_0x181f,1,30dpd_6mob,2023-07-01
26,CUS_0x182b_2023_01_01,CUS_0x182b,0,30dpd_6mob,2023-07-01
27,CUS_0x18c9_2023_01_01,CUS_0x18c9,1,30dpd_6mob,2023-07-01
28,CUS_0x190e_2023_01_01,CUS_0x190e,0,30dpd_6mob,2023-07-01
29,CUS_0x1920_2023_01_01,CUS_0x1920,0,30dpd_6mob,2023-07-01
30,CUS_0x1960_2023_01_01,CUS_0x1960,0,30dpd_6mob,2023-07-01
31,CUS_0x19ad_2023_01_01,CUS_0x19ad,0,30dpd_6mob,2023-07-01
32,CUS_0x19d1_2023_01_01,CUS_0x19d1,1,30dpd_6mob,2023-07-01
33,CUS_0x19e1_2023_01_01,CUS_0x19e1,0,30dpd_6mob,2023-07-01
34,CUS_0x1a9c_2023_01_01,CUS_0x1a9c,0,30dpd_6mob,2023-07-01
35,CUS_0x1ab3_2023_01_01,CUS_0x1ab3,0,30dpd_6mob,2023-07-01
36,CUS_0x1b42_2023_01_01,CUS_0x1b42,0,30dpd_6mob,2023-07-01
37,CUS_0x1b66_2023_01_01,CUS_0x1b66,0,30dpd_6mob,2023-07-01
38,CUS_0x1bc4_2023_01_01,CUS_0x1bc4,0,30dpd_6mob,2023-07-01
39,CUS_0x1c09_2023_01_01,CUS_0x1c09,0,30dpd_6mob,2023-07-01
40,CUS_0x1c39_2023_01_01,CUS_0x1c39,0,30dpd_6mob,2023-07-01
41,CUS_0x1c9c_2023_01_01,CUS_0x1c9c,1,30dpd_6mob,2023-07-01
42,CUS_0x1dcf_2023_01_01,CUS_0x1dcf,1,30dpd_6mob,2023-07-01
43,CUS_0x1ef5_2023_01_01,CUS_0x1ef5,0,30dpd_6mob,2023-07-01
44,CUS_0x1ff5_2023_01_01,CUS_0x1ff5,0,30dpd_6mob,2023-07-01
45,CUS_0x1ff7_2023_01_01,CUS_0x1ff7,0,30dpd_6mob,2023-07-01
46,CUS_0x205c_2023_01_01,CUS_0x205c,0,30dpd_6mob,2023-07-01
47,CUS_0x210f_2023_01_01,CUS_0x210f,0,30dpd_6mob,2023-07-01
48,CUS_0x21dc_2023_01_01,CUS_0x21dc,0,30dpd_6mob,2023-07-01
49,CUS_0x2274_2023_01_01,CUS_0x2274,0,30dpd_6mob,2023-07-01
50,CUS_0x2297_2023_01_01,CUS_0x2297,0,30dpd_6mob,2023-07-01
51,CUS_0x2375_2023_01_01,CUS_0x2375,0,30dpd_6mob,2023-07-01
52,CUS_0x24a8_2023_01_01,CUS_0x24a8,0,30dpd_6mob,2023-07-01
53,CUS_0x24c3_2023_01_01,CUS_0x24c3,0,30dpd_6mob,2023-07-01
54,CUS_0x24e1_2023_01_01,CUS_0x24e1,0,30dpd_6mob,2023-07-01
55,CUS_0x2513_2023_01_01,CUS_0x2513,0,30dpd_6mob,2023-07-01
56,CUS_0x2552_2023_01_01,CUS_0x2552,0,30dpd_6mob,2023-07-01
57,CUS_0x255d_2023_01_01,CUS_0x255d,0,30dpd_6mob,2023-07-01
58,CUS_0x2598_2023_01_01,CUS_0x2598,0,30dpd_6mob,2023-07-01
59,CUS_0x25cc_2023_01_01,CUS_0x25cc,0,30dpd_6mob,2023-07-01
60,CUS_0x26da_2023_01_01,CUS_0x26da,0,30dpd_6mob,2023-07-01
61,CUS_0x284a_2023_01_01,CUS_0x284a,0,30dpd_6mob,2023-07-01
62,CUS_0x289e_2023_01_01,CUS_0x289e,0,30dpd_6mob,2023-07-01
63,CUS_0x292d_2023_01_01,CUS_0x292d,0,30dpd_6mob,2023-07-01
64,CUS_0x29b1_2023_01_01,CUS_0x29b1,1,30dpd_6mob,2023-07-01
65,CUS_0x2a55_2023_01_01,CUS_0x2a55,1,30dpd_6mob,2023-07-01
66,CUS_0x2a7d_2023_01_01,CUS_0x2a7d,0,30dpd_6mob,2023-07-01
67,CUS_0x2abc_2023_01_01,CUS_0x2abc,0,30dpd_6mob,2023-07-01
68,CUS_0x2ad2_2023_01_01,CUS_0x2ad2,0,30dpd_6mob,2023-07-01
69,CUS_0x2b2d_2023_01_01,CUS_0x2b2d,1,30dpd_6mob,2023-07-01
70,CUS_0x2b83_2023_01_01,CUS_0x2b83,0,30dpd_6mob,2023-07-01
71,CUS_0x2baf_2023_01_01,CUS_0x2baf,1,30dpd_6mob,2023-07-01
72,CUS_0x2bf6_2023_01_01,CUS_0x2bf6,0,30dpd_6mob,2023-07-01
73,CUS_0x2bfa_2023_01_01,CUS_0x2bfa,0,30dpd_6mob,2023-07-01
74,CUS_0x2cae_2023_01_01,CUS_0x2cae,0,30dpd_6mob,2023-07-01
75,CUS_0x2ccc_2023_01_01,CUS_0x2ccc,0,30dpd_6mob,2023-07-01
76,CUS_0x2de0_2023_01_01,CUS_0x2de0,1,30dpd_6mob,2023-07-01
77,CUS_0x2e06_2023_01_01,CUS_0x2e06,0,30dpd_6mob,2023-07-01
78,CUS_0x2e20_2023_01_01,CUS_0x2e20,0,30dpd_6mob,2023-07-01
79,CUS_0x2ea8_2023_01_01,CUS_0x2ea8,0,30dpd_6mob,2023-07-01
80,CUS_0x2f1d_2023_01_01,CUS_0x2f1d,0,30dpd_6mob,2023-07-01
81,CUS_0x2fab_2023_01_01,CUS_0x2fab,0,30dpd_6mob,2023-07-01
82,CUS_0x2fd6_2023_01_01,CUS_0x2fd6,0,30dpd_6mob,2023-07-01
83,CUS_0x30f8_2023_01_01,CUS_0x30f8,0,30dpd_6mob,2023-07-01
84,CUS_0x31e9_2023_01_01,CUS_0x31e9,1,30dpd_6mob,2023-07-01
85,CUS_0x321f_2023_01_01,CUS_0x321f,0,30dpd_6mob,2023-07-01
86,CUS_0x3231_2023_01_01,CUS_0x3231,0,30dpd_6mob,2023-07-01
87,CUS_0x325f_2023_01_01,CUS_0x325f,0,30dpd_6mob,2023-07-01
88,CUS_0x3274_2023_01_01,CUS_0x3274,0,30dpd_6mob,2023-07-01
89,CUS_0x328b_2023_01_01,CUS_0x328b,0,30dpd_6mob,2023-07-01
90,CUS_0x3379_2023_01_01,CUS_0x3379,1,30dpd_6mob,2023-07-01
91,CUS_0x3433_2023_01_01,CUS_0x3433,0,30dpd_6mob,2023-07-01
92,CUS_0x344e_2023_01_01,CUS_0x344e,0,30dpd_6mob,2023-07-01
93,CUS_0x3490_2023_01_01,CUS_0x3490,0,30dpd_6mob,2023-07-01
94,CUS_0x34fa_2023_01_01,CUS_0x34fa,1,30dpd_6mob,2023-07-01
95,CUS_0x3539_2023_01_01,CUS_0x3539,0,30dpd_6mob,2023-07-01
96,CUS_0x354b_2023_01_01,CUS_0x354b,0,30dpd_6mob,2023-07-01
97,CUS_0x355f_2023_01_01,CUS_0x355f,0,30dpd_6mob,2023-07-01
98,CUS_0x356c_2023_01_01,CUS_0x356c,1,30dpd_6mob,2023-07-01
99,CUS_0x3643_2023_01_01,CUS_0x3643,0,30dpd_6mob,2023-07-01
100,CUS_0x36b3_2023_01_01,CUS_0x36b3,0,30dpd_6mob,2023-07-01
101,CUS_0x36f7_2023_01_01,CUS_0x36f7,1,30dpd_6mob,2023-07-01
102,CUS_0x3733_2023_01_01,CUS_0x3733,0,30dpd_6mob,2023-07-01
103,CUS_0x37a1_2023_01_01,CUS_0x37a1,0,30dpd_6mob,2023-07-01
104,CUS_0x37b2_2023_01_01,CUS_0x37b2,0,30dpd_6mob,2023-07-01
105,CUS_0x383d_2023_01_01,CUS_0x383d,0,30dpd_6mob,2023-07-01
106,CUS_0x3873_2023_01_01,CUS_0x3873,0,30dpd_6mob,2023-07-01
107,CUS_0x3906_2023_01_01,CUS_0x3906,0,30dpd_6mob,2023-07-01
108,CUS_0x3928_2023_01_01,CUS_0x3928,1,30dpd_6mob,2023-07-01
109,CUS_0x397b_2023_01_01,CUS_0x397b,0,30dpd_6mob,2023-07-01
110,CUS_0x3a03_2023_01_01,CUS_0x3a03,0,30dpd_6mob,2023-07-01
111,CUS_0x3a3d_2023_01_01,CUS_0x3a3d,0,30dpd_6mob,2023-07-01
112,CUS_0x3a69_2023_01_01,CUS_0x3a69,1,30dpd_6mob,2023-07-01
113,CUS_0x3a82_2023_01_01,CUS_0x3a82,0,30dpd_6mob,2023-07-01
114,CUS_0x3acc_2023_01_01,CUS_0x3acc,0,30dpd_6mob,2023-07-01
115,CUS_0x3adc_2023_01_01,CUS_0x3adc,1,30dpd_6mob,2023-07-01
116,CUS_0x3af5_2023_01_01,CUS_0x3af5,0,30dpd_6mob,2023-07-01
117,CUS_0x3b10_2023_01_01,CUS_0x3b10,0,30dpd_6mob,2023-07-01
118,CUS_0x3b22_2023_01_01,CUS_0x3b22,0,30dpd_6mob,2023-07-01
119,CUS_0x3b2a_2023_01_01,CUS_0x3b2a,0,30dpd_6mob,2023-07-01
120,CUS_0x3b6e_2023_01_01,CUS_0x3b6e,1,30dpd_6mob,2023-07-01
121,CUS_0x3bc3_2023_01_01,CUS_0x3bc3,0,30dpd_6mob,2023-07-01
122,CUS_0x3bc6_2023_01_01,CUS_0x3bc6,1,30dpd_6mob,2023-07-01
123,CUS_0x3bd0_2023_01_01,CUS_0x3bd0,1,30dpd_6mob,2023-07-01
124,CUS_0x3bde_2023_01_01,CUS_0x3bde,0,30dpd_6mob,2023-07-01
125,CUS_0x3bf5_2023_01_01,CUS_0x3bf5,0,30dpd_6mob,2023-07-01
126,CUS_0x3ccd_2023_01_01,CUS_0x3ccd,0,30dpd_6mob,2023-07-01
127,CUS_0x3cea_2023_01_01,CUS_0x3cea,0,30dpd_6mob,2023-07-01
128,CUS_0x3cfc_2023_01_01,CUS_0x3cfc,1,30dpd_6mob,2023-07-01
129,CUS_0x3d6c_2023_01_01,CUS_0x3d6c,0,30dpd_6mob,2023-07-01
130,CUS_0x3e2d_2023_01_01,CUS_0x3e2d,1,30dpd_6mob,2023-07-01
131,CUS_0x3e54_2023_01_01,CUS_0x3e54,0,30dpd_6mob,2023-07-01
132,CUS_0x3e6d_2023_01_01,CUS_0x3e6d,0,30dpd_6mob,2023-07-01
133,CUS_0x3e73_2023_01_01,CUS_0x3e73,0,30dpd_6mob,2023-07-01
134,CUS_0x3e9c_2023_01_01,CUS_0x3e9c,0,30dpd_6mob,2023-07-01
135,CUS_0x3ee7_2023_01_01,CUS_0x3ee7,0,30dpd_6mob,2023-07-01
136,CUS_0x3f63_2023_01_01,CUS_0x3f63,0,30dpd_6mob,2023-07-01
137,CUS_0x3fc3_2023_01_01,CUS_0x3fc3,0,30dpd_6mob,2023-07-01
138,CUS_0x3fd9_2023_01_01,CUS_0x3fd9,0,30dpd_6mob,2023-07-01
139,CUS_0x401c_2023_01_01,CUS_0x401c,0,30dpd_6mob,2023-07-01
140,CUS_0x4096_2023_01_01,CUS_0x4096,1,30dpd_6mob,2023-07-01
141,CUS_0x40c5_2023_01_01,CUS_0x40c5,0,30dpd_6mob,2023-07-01
142,CUS_0x40d0_2023_01_01,CUS_0x40d0,1,30dpd_6mob,2023-07-01
143,CUS_0x4131_2023_01_01,CUS_0x4131,0,30dpd_6mob,2023-07-01
144,CUS_0x416f_2023_01_01,CUS_0x416f,0,30dpd_6mob,2023-07-01
145,CUS_0x41b7_2023_01_01,CUS_0x41b7,0,30dpd_6mob,2023-07-01
146,CUS_0x41c_2023_01_01,CUS_0x41c,0,30dpd_6mob,2023-07-01
147,CUS_0x41f2_2023_01_01,CUS_0x41f2,0,30dpd_6mob,2023-07-01
148,CUS_0x424_2023_01_01,CUS_0x424,0,30dpd_6mob,2023-07-01
149,CUS_0x4271_2023_01_01,CUS_0x4271,0,30dpd_6mob,2023-07-01
150,CUS_0x42c6_2023_01_01,CUS_0x42c6,1,30dpd_6mob,2023-07-01
151,CUS_0x4322_2023_01_01,CUS_0x4322,0,30dpd_6mob,2023-07-01
152,CUS_0x4327_2023_01_01,CUS_0x4327,0,30dpd_6mob,2023-07-01
153,CUS_0x4340_2023_01_01,CUS_0x4340,0,30dpd_6mob,2023-07-01
154,CUS_0x436f_2023_01_01,CUS_0x436f,0,30dpd_6mob,2023-07-01
155,CUS_0x438a_2023_01_01,CUS_0x438a,1,30dpd_6mob,2023-07-01
156,CUS_0x4395_2023_01_01,CUS_0x4395,1,30dpd_6mob,2023-07-01
157,CUS_0x43c5_2023_01_01,CUS_0x43c5,0,30dpd_6mob,2023-07-01
158,CUS_0x43f8_2023_01_01,CUS_0x43f8,0,30dpd_6mob,2023-07-01
159,CUS_0x4410_2023_01_01,CUS_0x4410,1,30dpd_6mob,2023-07-01
160,CUS_0x4464_2023_01_01,CUS_0x4464,1,30dpd_6mob,2023-07-01
161,CUS_0x4472_2023_01_01,CUS_0x4472,0,30dpd_6mob,2023-07-01
162,CUS_0x44d5_2023_01_01,CUS_0x44d5,0,30dpd_6mob,2023-07-01
163,CUS_0x44e0_2023_01_01,CUS_0x44e0,0,30dpd_6mob,2023-07-01
164,CUS_0x4596_2023_01_01,CUS_0x4596,0,30dpd_6mob,2023-07-01
165,CUS_0x4662_2023_01_01,CUS_0x4662,0,30dpd_6mob,2023-07-01
166,CUS_0x4671_2023_01_01,CUS_0x4671,1,30dpd_6mob,2023-07-01
167,CUS_0x4674_2023_01_01,CUS_0x4674,0,30dpd_6mob,2023-07-01
168,CUS_0x4688_2023_01_01,CUS_0x4688,0,30dpd_6mob,2023-07-01
169,CUS_0x472b_2023_01_01,CUS_0x472b,0,30dpd_6mob,2023-07-01
170,CUS_0x474_2023_01_01,CUS_0x474,0,30dpd_6mob,2023-07-01
171,CUS_0x47a5_2023_01_01,CUS_0x47a5,1,30dpd_6mob,2023-07-01
172,CUS_0x47c0_2023_01_01,CUS_0x47c0,0,30dpd_6mob,2023-07-01
173,CUS_0x480c_2023_01_01,CUS_0x480c,0,30dpd_6mob,2023-07-01
174,CUS_0x4854_2023_01_01,CUS_0x4854,0,30dpd_6mob,2023-07-01
175,CUS_0x4881_2023_01_01,CUS_0x4881,0,30dpd_6mob,2023-07-01
176,CUS_0x48ae_2023_01_01,CUS_0x48ae,0,30dpd_6mob,2023-07-01
177,CUS_0x4939_2023_01_01,CUS_0x4939,1,30dpd_6mob,2023-07-01
178,CUS_0x4943_2023_01_01,CUS_0x4943,0,30dpd_6mob,2023-07-01
179,CUS_0x4a0b_2023_01_01,CUS_0x4a0b,0,30dpd_6mob,2023-07-01
180,CUS_0x4a24_2023_01_01,CUS_0x4a24,0,30dpd_6mob,2023-07-01
181,CUS_0x4a3f_2023_01_01,CUS_0x4a3f,0,30dpd_6mob,2023-07-01
182,CUS_0x4a43_2023_01_01,CUS_0x4a43,1,30dpd_6mob,2023-07-01
183,CUS_0x4a94_2023_01_01,CUS_0x4a94,1,30dpd_6mob,2023-07-01
184,CUS_0x4b40_2023_01_01,CUS_0x4b40,0,30dpd_6mob,2023-07-01
185,CUS_0x4b64_2023_01_01,CUS_0x4b64,0,30dpd_6mob,2023-07-01
186,CUS_0x4be2_2023_01_01,CUS_0x4be2,1,30dpd_6mob,2023-07-01
187,CUS_0x4bfc_2023_01_01,CUS_0x4bfc,0,30dpd_6mob,2023-07-01
188,CUS_0x4c29_2023_01_01,CUS_0x4c29,0,30dpd_6mob,2023-07-01
189,CUS_0x4c71_2023_01_01,CUS_0x4c71,0,30dpd_6mob,2023-07-01
190,CUS_0x4cdd_2023_01_01,CUS_0x4cdd,0,30dpd_6mob,2023-07-01
191,CUS_0x4cf6_2023_01_01,CUS_0x4cf6,0,30dpd_6mob,2023-07-01
192,CUS_0x4d05_2023_01_01,CUS_0x4d05,0,30dpd_6mob,2023-07-01
193,CUS_0x4d41_2023_01_01,CUS_0x4d41,1,30dpd_6mob,2023-07-01
194,CUS_0x4dc9_2023_01_01,CUS_0x4dc9,0,30dpd_6mob,2023-07-01
195,CUS_0x4ddc_2023_01_01,CUS_0x4ddc,0,30dpd_6mob,2023-07-01
196,CUS_0x4ddf_2023_01_01,CUS_0x4ddf,1,30dpd_6mob,2023-07-01
197,CUS_0x50f7_2023_01_01,CUS_0x50f7,1,30dpd_6mob,2023-07-01
198,CUS_0x5111_2023_01_01,CUS_0x5111,1,30dpd_6mob,2023-07-01
199,CUS_0x5158_2023_01_01,CUS_0x5158,0,30dpd_6mob,2023-07-01
200,CUS_0x51b3_2023_01_01,CUS_0x51b3,0,30dpd_6mob,2023-07-01
201,CUS_0x51c9_2023_01_01,CUS_0x51c9,0,30dpd_6mob,2023-07-01
202,CUS_0x51e_2023_01_01,CUS_0x51e,0,30dpd_6mob,2023-07-01
203,CUS_0x51e7_2023_01_01,CUS_0x51e7,0,30dpd_6mob,2023-07-01
204,CUS_0x5225_2023_01_01,CUS_0x5225,1,30dpd_6mob,2023-07-01
205,CUS_0x522d_2023_01_01,CUS_0x522d,0,30dpd_6mob,2023-07-01
206,CUS_0x527f_2023_01_01,CUS_0x527f,0,30dpd_6mob,2023-07-01
207,CUS_0x52a5_2023_01_01,CUS_0x52a5,1,30dpd_6mob,2023-07-01
208,CUS_0x52aa_2023_01_01,CUS_0x52aa,1,30dpd_6mob,2023-07-01
209,CUS_0x537_2023_01_01,CUS_0x537,0,30dpd_6mob,2023-07-01
210,CUS_0x53f4_2023_01_01,CUS_0x53f4,0,30dpd_6mob,2023-07-01
211,CUS_0x540f_2023_01_01,CUS_0x540f,0,30dpd_6mob,2023-07-01
212,CUS_0x541a_2023_01_01,CUS_0x541a,0,30dpd_6mob,2023-07-01
213,CUS_0x54d4_2023_01_01,CUS_0x54d4,1,30dpd_6mob,2023-07-01
214,CUS_0x5505_2023_01_01,CUS_0x5505,0,30dpd_6mob,2023-07-01
215,CUS_0x5525_2023_01_01,CUS_0x5525,0,30dpd_6mob,2023-07-01
216,CUS_0x553e_2023_01_01,CUS_0x553e,0,30dpd_6mob,2023-07-01
217,CUS_0x55f0_2023_01_01,CUS_0x55f0,0,30dpd_6mob,2023-07-01
218,CUS_0x565d_2023_01_01,CUS_0x565d,0,30dpd_6mob,2023-07-01
219,CUS_0x56f1_2023_01_01,CUS_0x56f1,1,30dpd_6mob,2023-07-01
220,CUS_0x5849_2023_01_01,CUS_0x5849,1,30dpd_6mob,2023-07-01
221,CUS_0x5877_2023_01_01,CUS_0x5877,0,30dpd_6mob,2023-07-01
222,CUS_0x58bf_2023_01_01,CUS_0x58bf,0,30dpd_6mob,2023-07-01
223,CUS_0x5999_2023_01_01,CUS_0x5999,0,30dpd_6mob,2023-07-01
224,CUS_0x59d0_2023_01_01,CUS_0x59d0,0,30dpd_6mob,2023-07-01
225,CUS_0x5a3d_2023_01_01,CUS_0x5a3d,1,30dpd_6mob,2023-07-01
226,CUS_0x5ae6_2023_01_01,CUS_0x5ae6,0,30dpd_6mob,2023-07-01
227,CUS_0x5bce_2023_01_01,CUS_0x5bce,0,30dpd_6mob,2023-07-01
228,CUS_0x5c9f_2023_01_01,CUS_0x5c9f,1,30dpd_6mob,2023-07-01
229,CUS_0x5ebe_2023_01_01,CUS_0x5ebe,0,30dpd_6mob,2023-07-01
230,CUS_0x5f02_2023_01_01,CUS_0x5f02,0,30dpd_6mob,2023-07-01
231,CUS_0x5f10_2023_01_01,CUS_0x5f10,0,30dpd_6mob,2023-07-01
232,CUS_0x5f30_2023_01_01,CUS_0x5f30,0,30dpd_6mob,2023-07-01
233,CUS_0x5f55_2023_01_01,CUS_0x5f55,0,30dpd_6mob,2023-07-01
234,CUS_0x5fe9_2023_01_01,CUS_0x5fe9,1,30dpd_6mob,2023-07-01
235,CUS_0x6034_2023_01_01,CUS_0x6034,0,30dpd_6mob,2023-07-01
236,CUS_0x6070_2023_01_01,CUS_0x6070,1,30dpd_6mob,2023-07-01
237,CUS_0x6120_2023_01_01,CUS_0x6120,1,30dpd_6mob,2023-07-01
238,CUS_0x61de_2023_01_01,CUS_0x61de,0,30dpd_6mob,2023-07-01
239,CUS_0x627a_2023_01_01,CUS_0x627a,0,30dpd_6mob,2023-07-01
240,CUS_0x635a_2023_01_01,CUS_0x635a,0,30dpd_6mob,2023-07-01
241,CUS_0x636d_2023_01_01,CUS_0x636d,1,30dpd_6mob,2023-07-01
242,CUS_0x63d_2023_01_01,CUS_0x63d,0,30dpd_6mob,2023-07-01
243,CUS_0x63d8_2023_01_01,CUS_0x63d8,0,30dpd_6mob,2023-07-01
244,CUS_0x6442_2023_01_01,CUS_0x6442,0,30dpd_6mob,2023-07-01
245,CUS_0x64b8_2023_01_01,CUS_0x64b8,1,30dpd_6mob,2023-07-01
246,CUS_0x6587_2023_01_01,CUS_0x6587,0,30dpd_6mob,2023-07-01
247,CUS_0x658e_2023_01_01,CUS_0x658e,1,30dpd_6mob,2023-07-01
248,CUS_0x65bf_2023_01_01,CUS_0x65bf,0,30dpd_6mob,2023-07-01
249,CUS_0x6694_2023_01_01,CUS_0x6694,1,30dpd_6mob,2023-07-01
250,CUS_0x6701_2023_01_01,CUS_0x6701,1,30dpd_6mob,2023-07-01
251,CUS_0x6752_2023_01_01,CUS_0x6752,1,30dpd_6mob,2023-07-01
252,CUS_0x67e4_2023_01_01,CUS_0x67e4,0,30dpd_6mob,2023-07-01
253,CUS_0x6850_2023_01_01,CUS_0x6850,0,30dpd_6mob,2023-07-01
254,CUS_0x689b_2023_01_01,CUS_0x689b,1,30dpd_6mob,2023-07-01
255,CUS_0x6915_2023_01_01,CUS_0x6915,1,30dpd_6mob,2023-07-01
256,CUS_0x695c_2023_01_01,CUS_0x695c,0,30dpd_6mob,2023-07-01
257,CUS_0x697d_2023_01_01,CUS_0x697d,0,30dpd_6mob,2023-07-01
258,CUS_0x699_2023_01_01,CUS_0x699,0,30dpd_6mob,2023-07-01
259,CUS_0x69be_2023_01_01,CUS_0x69be,0,30dpd_6mob,2023-07-01
260,CUS_0x69ff_2023_01_01,CUS_0x69ff,0,30dpd_6mob,2023-07-01
261,CUS_0x6a8a_2023_01_01,CUS_0x6a8a,0,30dpd_6mob,2023-07-01
262,CUS_0x6ab3_2023_01_01,CUS_0x6ab3,0,30dpd_6mob,2023-07-01
263,CUS_0x6b1d_2023_01_01,CUS_0x6b1d,0,30dpd_6mob,2023-07-01
264,CUS_0x6b52_2023_01_01,CUS_0x6b52,1,30dpd_6mob,2023-07-01
265,CUS_0x6d05_2023_01_01,CUS_0x6d05,0,30dpd_6mob,2023-07-01
266,CUS_0x6d4_2023_01_01,CUS_0x6d4,0,30dpd_6mob,2023-07-01
267,CUS_0x6ee_2023_01_01,CUS_0x6ee,1,30dpd_6mob,2023-07-01
268,CUS_0x6f11_2023_01_01,CUS_0x6f11,0,30dpd_6mob,2023-07-01
269,CUS_0x6f4a_2023_01_01,CUS_0x6f4a,0,30dpd_6mob,2023-07-01
270,CUS_0x6f5d_2023_01_01,CUS_0x6f5d,1,30dpd_6mob,2023-07-01
271,CUS_0x6f95_2023_01_01,CUS_0x6f95,0,30dpd_6mob,2023-07-01
272,CUS_0x6fea_2023_01_01,CUS_0x6fea,0,30dpd_6mob,2023-07-01
273,CUS_0x6ffb_2023_01_01,CUS_0x6ffb,0,30dpd_6mob,2023-07-01
274,CUS_0x703f_2023_01_01,CUS_0x703f,0,30dpd_6mob,2023-07-01
275,CUS_0x707d_2023_01_01,CUS_0x707d,0,30dpd_6mob,2023-07-01
276,CUS_0x710b_2023_01_01,CUS_0x710b,1,30dpd_6mob,2023-07-01
277,CUS_0x71a0_2023_01_01,CUS_0x71a0,1,30dpd_6mob,2023-07-01
278,CUS_0x7266_2023_01_01,CUS_0x7266,0,30dpd_6mob,2023-07-01
279,CUS_0x7373_2023_01_01,CUS_0x7373,1,30dpd_6mob,2023-07-01
280,CUS_0x738f_2023_01_01,CUS_0x738f,0,30dpd_6mob,2023-07-01
281,CUS_0x7418_2023_01_01,CUS_0x7418,0,30dpd_6mob,2023-07-01
282,CUS_0x752c_2023_01_01,CUS_0x752c,0,30dpd_6mob,2023-07-01
283,CUS_0x752f_2023_01_01,CUS_0x752f,1,30dpd_6mob,2023-07-01
284,CUS_0x7580_2023_01_01,CUS_0x7580,1,30dpd_6mob,2023-07-01
285,CUS_0x758e_2023_01_01,CUS_0x758e,0,30dpd_6mob,2023-07-01
286,CUS_0x75e_2023_01_01,CUS_0x75e,0,30dpd_6mob,2023-07-01
287,CUS_0x773_2023_01_01,CUS_0x773,0,30dpd_6mob,2023-07-01
288,CUS_0x775a_2023_01_01,CUS_0x775a,0,30dpd_6mob,2023-07-01
289,CUS_0x77e2_2023_01_01,CUS_0x77e2,1,30dpd_6mob,2023-07-01
290,CUS_0x7872_2023_01_01,CUS_0x7872,1,30dpd_6mob,2023-07-01
291,CUS_0x7877_2023_01_01,CUS_0x7877,0,30dpd_6mob,2023-07-01
292,CUS_0x78a7_2023_01_01,CUS_0x78a7,1,30dpd_6mob,2023-07-01
293,CUS_0x7910_2023_01_01,CUS_0x7910,0,30dpd_6mob,2023-07-01
294,CUS_0x79aa_2023_01_01,CUS_0x79aa,0,30dpd_6mob,2023-07-01
295,CUS_0x79ac_2023_01_01,CUS_0x79ac,0,30dpd_6mob,2023-07-01
296,CUS_0x79cf_2023_01_01,CUS_0x79cf,0,30dpd_6mob,2023-07-01
297,CUS_0x79ff_2023_01_01,CUS_0x79ff,1,30dpd_6mob,2023-07-01
298,CUS_0x7a2d_2023_01_01,CUS_0x7a2d,0,30dpd_6mob,2023-07-01
299,CUS_0x7a77_2023_01_01,CUS_0x7a77,0,30dpd_6mob,2023-07-01
300,CUS_0x7a84_2023_01_01,CUS_0x7a84,1,30dpd_6mob,2023-07-01
301,CUS_0x7b31_2023_01_01,CUS_0x7b31,0,30dpd_6mob,2023-07-01
302,CUS_0x7b52_2023_01_01,CUS_0x7b52,1,30dpd_6mob,2023-07-01
303,CUS_0x7b90_2023_01_01,CUS_0x7b90,0,30dpd_6mob,2023-07-01
304,CUS_0x7bda_2023_01_01,CUS_0x7bda,0,30dpd_6mob,2023-07-01
305,CUS_0x7c00_2023_01_01,CUS_0x7c00,0,30dpd_6mob,2023-07-01
306,CUS_0x7c01_2023_01_01,CUS_0x7c01,0,30dpd_6mob,2023-07-01
307,CUS_0x7c13_2023_01_01,CUS_0x7c13,1,30dpd_6mob,2023-07-01
308,CUS_0x7c2f_2023_01_01,CUS_0x7c2f,1,30dpd_6mob,2023-07-01
309,CUS_0x7c58_2023_01_01,CUS_0x7c58,0,30dpd_6mob,2023-07-01
310,CUS_0x7c64_2023_01_01,CUS_0x7c64,0,30dpd_6mob,2023-07-01
311,CUS_0x7c66_2023_01_01,CUS_0x7c66,0,30dpd_6mob,2023-07-01
312,CUS_0x7cb9_2023_01_01,CUS_0x7cb9,1,30dpd_6mob,2023-07-01
313,CUS_0x7cfc_2023_01_01,CUS_0x7cfc,0,30dpd_6mob,2023-07-01
314,CUS_0x7dfb_2023_01_01,CUS_0x7dfb,1,30dpd_6mob,2023-07-01
315,CUS_0x7fc3_2023_01_01,CUS_0x7fc3,0,30dpd_6mob,2023-07-01
316,CUS_0x7fe2_2023_01_01,CUS_0x7fe2,0,30dpd_6mob,2023-07-01
317,CUS_0x8031_2023_01_01,CUS_0x8031,1,30dpd_6mob,2023-07-01
318,CUS_0x8034_2023_01_01,CUS_0x8034,0,30dpd_6mob,2023-07-01
319,CUS_0x8065_2023_01_01,CUS_0x8065,1,30dpd_6mob,2023-07-01
320,CUS_0x8171_2023_01_01,CUS_0x8171,0,30dpd_6mob,2023-07-01
321,CUS_0x81e6_2023_01_01,CUS_0x81e6,1,30dpd_6mob,2023-07-01
322,CUS_0x8207_2023_01_01,CUS_0x8207,1,30dpd_6mob,2023-07-01
323,CUS_0x82a7_2023_01_01,CUS_0x82a7,1,30dpd_6mob,2023-07-01
324,CUS_0x832d_2023_01_01,CUS_0x832d,0,30dpd_6mob,2023-07-01
325,CUS_0x8370_2023_01_01,CUS_0x8370,1,30dpd_6mob,2023-07-01
326,CUS_0x8376_2023_01_01,CUS_0x8376,0,30dpd_6mob,2023-07-01
327,CUS_0x846a_2023_01_01,CUS_0x846a,0,30dpd_6mob,2023-07-01
328,CUS_0x84a0_2023_01_01,CUS_0x84a0,0,30dpd_6mob,2023-07-01
329,CUS_0x8546_2023_01_01,CUS_0x8546,0,30dpd_6mob,2023-07-01
330,CUS_0x859d_2023_01_01,CUS_0x859d,0,30dpd_6mob,2023-07-01
331,CUS_0x8658_2023_01_01,CUS_0x8658,0,30dpd_6mob,2023-07-01
332,CUS_0x86be_2023_01_01,CUS_0x86be,1,30dpd_6mob,2023-07-01
333,CUS_0x86c7_2023_01_01,CUS_0x86c7,0,30dpd_6mob,2023-07-01
334,CUS_0x86ed_2023_01_01,CUS_0x86ed,1,30dpd_6mob,2023-07-01
335,CUS_0x8704_2023_01_01,CUS_0x8704,0,30dpd_6mob,2023-07-01
336,CUS_0x873b_2023_01_01,CUS_0x873b,0,30dpd_6mob,2023-07-01
337,CUS_0x87fa_2023_01_01,CUS_0x87fa,1,30dpd_6mob,2023-07-01
338,CUS_0x887f_2023_01_01,CUS_0x887f,0,30dpd_6mob,2023-07-01
339,CUS_0x8919_2023_01_01,CUS_0x8919,0,30dpd_6mob,2023-07-01
340,CUS_0x891b_2023_01_01,CUS_0x891b,0,30dpd_6mob,2023-07-01
341,CUS_0x893e_2023_01_01,CUS_0x893e,0,30dpd_6mob,2023-07-01
342,CUS_0x8956_2023_01_01,CUS_0x8956,1,30dpd_6mob,2023-07-01
343,CUS_0x8983_2023_01_01,CUS_0x8983,0,30dpd_6mob,2023-07-01
344,CUS_0x89a_2023_01_01,CUS_0x89a,0,30dpd_6mob,2023-07-01
345,CUS_0x89ca_2023_01_01,CUS_0x89ca,0,30dpd_6mob,2023-07-01
346,CUS_0x89d3_2023_01_01,CUS_0x89d3,1,30dpd_6mob,2023-07-01
347,CUS_0x8a3c_2023_01_01,CUS_0x8a3c,0,30dpd_6mob,2023-07-01
348,CUS_0x8a44_2023_01_01,CUS_0x8a44,0,30dpd_6mob,2023-07-01
349,CUS_0x8a6e_2023_01_01,CUS_0x8a6e,0,30dpd_6mob,2023-07-01
350,CUS_0x8af8_2023_01_01,CUS_0x8af8,0,30dpd_6mob,2023-07-01
351,CUS_0x8b1_2023_01_01,CUS_0x8b1,0,30dpd_6mob,2023-07-01
352,CUS_0x8b17_2023_01_01,CUS_0x8b17,0,30dpd_6mob,2023-07-01
353,CUS_0x8c2c_2023_01_01,CUS_0x8c2c,0,30dpd_6mob,2023-07-01
354,CUS_0x8c9a_2023_01_01,CUS_0x8c9a,0,30dpd_6mob,2023-07-01
355,CUS_0x8d21_2023_01_01,CUS_0x8d21,1,30dpd_6mob,2023-07-01
356,CUS_0x8de0_2023_01_01,CUS_0x8de0,1,30dpd_6mob,2023-07-01
357,CUS_0x8e30_2023_01_01,CUS_0x8e30,0,30dpd_6mob,2023-07-01
358,CUS_0x8e44_2023_01_01,CUS_0x8e44,0,30dpd_6mob,2023-07-01
359,CUS_0x8e90_2023_01_01,CUS_0x8e90,0,30dpd_6mob,2023-07-01
360,CUS_0x8f4e_2023_01_01,CUS_0x8f4e,1,30dpd_6mob,2023-07-01
361,CUS_0x8f7e_2023_01_01,CUS_0x8f7e,1,30dpd_6mob,2023-07-01
362,CUS_0x8fb4_2023_01_01,CUS_0x8fb4,0,30dpd_6mob,2023-07-01
363,CUS_0x9102_2023_01_01,CUS_0x9102,1,30dpd_6mob,2023-07-01
364,CUS_0x9124_2023_01_01,CUS_0x9124,1,30dpd_6mob,2023-07-01
365,CUS_0x9154_2023_01_01,CUS_0x9154,1,30dpd_6mob,2023-07-01
366,CUS_0x9190_2023_01_01,CUS_0x9190,0,30dpd_6mob,2023-07-01
367,CUS_0x9230_2023_01_01,CUS_0x9230,0,30dpd_6mob,2023-07-01
368,CUS_0x9273_2023_01_01,CUS_0x9273,0,30dpd_6mob,2023-07-01
369,CUS_0x9278_2023_01_01,CUS_0x9278,0,30dpd_6mob,2023-07-01
370,CUS_0x928f_2023_01_01,CUS_0x928f,1,30dpd_6mob,2023-07-01
371,CUS_0x929a_2023_01_01,CUS_0x929a,0,30dpd_6mob,2023-07-01
372,CUS_0x929c_2023_01_01,CUS_0x929c,0,30dpd_6mob,2023-07-01
373,CUS_0x92d6_2023_01_01,CUS_0x92d6,1,30dpd_6mob,2023-07-01
374,CUS_0x92f0_2023_01_01,CUS_0x92f0,1,30dpd_6mob,2023-07-01
375,CUS_0x9357_2023_01_01,CUS_0x9357,0,30dpd_6mob,2023-07-01
376,CUS_0x93a0_2023_01_01,CUS_0x93a0,1,30dpd_6mob,2023-07-01
377,CUS_0x9435_2023_01_01,CUS_0x9435,0,30dpd_6mob,2023-07-01
378,CUS_0x948f_2023_01_01,CUS_0x948f,0,30dpd_6mob,2023-07-01
379,CUS_0x950d_2023_01_01,CUS_0x950d,0,30dpd_6mob,2023-07-01
380,CUS_0x95aa_2023_01_01,CUS_0x95aa,1,30dpd_6mob,2023-07-01
381,CUS_0x962f_2023_01_01,CUS_0x962f,0,30dpd_6mob,2023-07-01
382,CUS_0x96a2_2023_01_01,CUS_0x96a2,0,30dpd_6mob,2023-07-01
383,CUS_0x970f_2023_01_01,CUS_0x970f,0,30dpd_6mob,2023-07-01
384,CUS_0x972d_2023_01_01,CUS_0x972d,0,30dpd_6mob,2023-07-01
385,CUS_0x97ab_2023_01_01,CUS_0x97ab,1,30dpd_6mob,2023-07-01
386,CUS_0x97b_2023_01_01,CUS_0x97b,0,30dpd_6mob,2023-07-01
387,CUS_0x97bd_2023_01_01,CUS_0x97bd,1,30dpd_6mob,2023-07-01
388,CUS_0x9805_2023_01_01,CUS_0x9805,1,30dpd_6mob,2023-07-01
389,CUS_0x988c_2023_01_01,CUS_0x988c,0,30dpd_6mob,2023-07-01
390,CUS_0x9916_2023_01_01,CUS_0x9916,0,30dpd_6mob,2023-07-01
391,CUS_0x9979_2023_01_01,CUS_0x9979,0,30dpd_6mob,2023-07-01
392,CUS_0x9985_2023_01_01,CUS_0x9985,0,30dpd_6mob,2023-07-01
393,CUS_0x9a55_2023_01_01,CUS_0x9a55,1,30dpd_6mob,2023-07-01
394,CUS_0x9a71_2023_01_01,CUS_0x9a71,0,30dpd_6mob,2023-07-01
395,CUS_0x9b24_2023_01_01,CUS_0x9b24,0,30dpd_6mob,2023-07-01
396,CUS_0x9bef_2023_01_01,CUS_0x9bef,0,30dpd_6mob,2023-07-01
397,CUS_0x9c67_2023_01_01,CUS_0x9c67,0,30dpd_6mob,2023-07-01
398,CUS_0x9ce6_2023_01_01,CUS_0x9ce6,0,30dpd_6mob,2023-07-01
399,CUS_0x9e02_2023_01_01,CUS_0x9e02,0,30dpd_6mob,2023-07-01
400,CUS_0x9e09_2023_01_01,CUS_0x9e09,0,30dpd_6mob,2023-07-01
401,CUS_0x9e6a_2023_01_01,CUS_0x9e6a,0,30dpd_6mob,2023-07-01
402,CUS_0x9f91_2023_01_01,CUS_0x9f91,0,30dpd_6mob,2023-07-01
403,CUS_0xa0c_2023_01_01,CUS_0xa0c,0,30dpd_6mob,2023-07-01
404,CUS_0xa134_2023_01_01,CUS_0xa134,0,30dpd_6mob,2023-07-01
405,CUS_0xa146_2023_01_01,CUS_0xa146,0,30dpd_6mob,2023-07-01
406,CUS_0xa182_2023_01_01,CUS_0xa182,0,30dpd_6mob,2023-07-01
407,CUS_0xa187_2023_01_01,CUS_0xa187,0,30dpd_6mob,2023-07-01
408,CUS_0xa1bb_2023_01_01,CUS_0xa1bb,0,30dpd_6mob,2023-07-01
409,CUS_0xa203_2023_01_01,CUS_0xa203,1,30dpd_6mob,2023-07-01
410,CUS_0xa20d_2023_01_01,CUS_0xa20d,0,30dpd_6mob,2023-07-01
411,CUS_0xa2c0_2023_01_01,CUS_0xa2c0,0,30dpd_6mob,2023-07-01
412,CUS_0xa2ee_2023_01_01,CUS_0xa2ee,0,30dpd_6mob,2023-07-01
413,CUS_0xa408_2023_01_01,CUS_0xa408,1,30dpd_6mob,2023-07-01
414,CUS_0xa422_2023_01_01,CUS_0xa422,0,30dpd_6mob,2023-07-01
415,CUS_0xa423_2023_01_01,CUS_0xa423,0,30dpd_6mob,2023-07-01
416,CUS_0xa463_2023_01_01,CUS_0xa463,0,30dpd_6mob,2023-07-01
417,CUS_0xa488_2023_01_01,CUS_0xa488,0,30dpd_6mob,2023-07-01
418,CUS_0xa52_2023_01_01,CUS_0xa52,1,30dpd_6mob,2023-07-01
419,CUS_0xa54d_2023_01_01,CUS_0xa54d,0,30dpd_6mob,2023-07-01
420,CUS_0xa5c_2023_01_01,CUS_0xa5c,0,30dpd_6mob,2023-07-01
421,CUS_0xa5e6_2023_01_01,CUS_0xa5e6,0,30dpd_6mob,2023-07-01
422,CUS_0xa5e9_2023_01_01,CUS_0xa5e9,1,30dpd_6mob,2023-07-01
423,CUS_0xa65_2023_01_01,CUS_0xa65,1,30dpd_6mob,2023-07-01
424,CUS_0xa6d9_2023_01_01,CUS_0xa6d9,0,30dpd_6mob,2023-07-01
425,CUS_0xa801_2023_01_01,CUS_0xa801,0,30dpd_6mob,2023-07-01
426,CUS_0xa83_2023_01_01,CUS_0xa83,0,30dpd_6mob,2023-07-01
427,CUS_0xa8c6_2023_01_01,CUS_0xa8c6,0,30dpd_6mob,2023-07-01
428,CUS_0xa918_2023_01_01,CUS_0xa918,0,30dpd_6mob,2023-07-01
429,CUS_0xa9a_2023_01_01,CUS_0xa9a,0,30dpd_6mob,2023-07-01
430,CUS_0xaa8e_2023_01_01,CUS_0xaa8e,1,30dpd_6mob,2023-07-01
431,CUS_0xaaff_2023_01_01,CUS_0xaaff,0,30dpd_6mob,2023-07-01
432,CUS_0xabf2_2023_01_01,CUS_0xabf2,0,30dpd_6mob,2023-07-01
433,CUS_0xac46_2023_01_01,CUS_0xac46,1,30dpd_6mob,2023-07-01
434,CUS_0xac7c_2023_01_01,CUS_0xac7c,1,30dpd_6mob,2023-07-01
435,CUS_0xaca7_2023_01_01,CUS_0xaca7,1,30dpd_6mob,2023-07-01
436,CUS_0xacab_2023_01_01,CUS_0xacab,0,30dpd_6mob,2023-07-01
437,CUS_0xacfa_2023_01_01,CUS_0xacfa,1,30dpd_6mob,2023-07-01
438,CUS_0xad13_2023_01_01,CUS_0xad13,0,30dpd_6mob,2023-07-01
439,CUS_0xad1d_2023_01_01,CUS_0xad1d,0,30dpd_6mob,2023-07-01
440,CUS_0xad90_2023_01_01,CUS_0xad90,0,30dpd_6mob,2023-07-01
441,CUS_0xadb2_2023_01_01,CUS_0xadb2,0,30dpd_6mob,2023-07-01
442,CUS_0xadb8_2023_01_01,CUS_0xadb8,1,30dpd_6mob,2023-07-01
443,CUS_0xae51_2023_01_01,CUS_0xae51,0,30dpd_6mob,2023-07-01
444,CUS_0xae6a_2023_01_01,CUS_0xae6a,0,30dpd_6mob,2023-07-01
445,CUS_0xae7d_2023_01_01,CUS_0xae7d,0,30dpd_6mob,2023-07-01
446,CUS_0xae9e_2023_01_01,CUS_0xae9e,1,30dpd_6mob,2023-07-01
447,CUS_0xaebc_2023_01_01,CUS_0xaebc,0,30dpd_6mob,2023-07-01
448,CUS_0xaf09_2023_01_01,CUS_0xaf09,0,30dpd_6mob,2023-07-01
449,CUS_0xafb5_2023_01_01,CUS_0xafb5,1,30dpd_6mob,2023-07-01
450,CUS_0xb0bd_2023_01_01,CUS_0xb0bd,0,30dpd_6mob,2023-07-01
451,CUS_0xb0c4_2023_01_01,CUS_0xb0c4,1,30dpd_6mob,2023-07-01
452,CUS_0xb0e4_2023_01_01,CUS_0xb0e4,0,30dpd_6mob,2023-07-01
453,CUS_0xb1f5_2023_01_01,CUS_0xb1f5,0,30dpd_6mob,2023-07-01
454,CUS_0xb220_2023_01_01,CUS_0xb220,1,30dpd_6mob,2023-07-01
455,CUS_0xb2b8_2023_01_01,CUS_0xb2b8,0,30dpd_6mob,2023-07-01
456,CUS_0xb381_2023_01_01,CUS_0xb381,0,30dpd_6mob,2023-07-01
457,CUS_0xb3f4_2023_01_01,CUS_0xb3f4,0,30dpd_6mob,2023-07-01
458,CUS_0xb403_2023_01_01,CUS_0xb403,0,30dpd_6mob,2023-07-01
459,CUS_0xb41f_2023_01_01,CUS_0xb41f,0,30dpd_6mob,2023-07-01
460,CUS_0xb424_2023_01_01,CUS_0xb424,0,30dpd_6mob,2023-07-01
461,CUS_0xb437_2023_01_01,CUS_0xb437,0,30dpd_6mob,2023-07-01
462,CUS_0xb46_2023_01_01,CUS_0xb46,0,30dpd_6mob,2023-07-01
463,CUS_0xb4d8_2023_01_01,CUS_0xb4d8,0,30dpd_6mob,2023-07-01
464,CUS_0xb51c_2023_01_01,CUS_0xb51c,1,30dpd_6mob,2023-07-01
465,CUS_0xb64a_2023_01_01,CUS_0xb64a,0,30dpd_6mob,2023-07-01
466,CUS_0xb662_2023_01_01,CUS_0xb662,0,30dpd_6mob,2023-07-01
467,CUS_0xb67c_2023_01_01,CUS_0xb67c,0,30dpd_6mob,2023-07-01
468,CUS_0xb685_2023_01_01,CUS_0xb685,1,30dpd_6mob,2023-07-01
469,CUS_0xb6e3_2023_01_01,CUS_0xb6e3,0,30dpd_6mob,2023-07-01
470,CUS_0xb73_2023_01_01,CUS_0xb73,1,30dpd_6mob,2023-07-01
471,CUS_0xb745_2023_01_01,CUS_0xb745,0,30dpd_6mob,2023-07-01
472,CUS_0xb875_2023_01_01,CUS_0xb875,0,30dpd_6mob,2023-07-01
473,CUS_0xb8b9_2023_01_01,CUS_0xb8b9,1,30dpd_6mob,2023-07-01
474,CUS_0xb915_2023_01_01,CUS_0xb915,1,30dpd_6mob,2023-07-01
475,CUS_0xb93e_2023_01_01,CUS_0xb93e,0,30dpd_6mob,2023-07-01
476,CUS_0xba9d_2023_01_01,CUS_0xba9d,1,30dpd_6mob,2023-07-01
477,CUS_0xbbe4_2023_01_01,CUS_0xbbe4,0,30dpd_6mob,2023-07-01
478,CUS_0xbca6_2023_01_01,CUS_0xbca6,1,30dpd_6mob,2023-07-01
479,CUS_0xbd1f_2023_01_01,CUS_0xbd1f,0,30dpd_6mob,2023-07-01
480,CUS_0xbd8f_2023_01_01,CUS_0xbd8f,1,30dpd_6mob,2023-07-01
481,CUS_0xbf01_2023_01_01,CUS_0xbf01,0,30dpd_6mob,2023-07-01
482,CUS_0xbf38_2023_01_01,CUS_0xbf38,0,30dpd_6mob,2023-07-01
483,CUS_0xbf55_2023_01_01,CUS_0xbf55,1,30dpd_6mob,2023-07-01
484,CUS_0xc010_2023_01_01,CUS_0xc010,0,30dpd_6mob,2023-07-01
485,CUS_0xc055_2023_01_01,CUS_0xc055,0,30dpd_6mob,2023-07-01
486,CUS_0xc063_2023_01_01,CUS_0xc063,0,30dpd_6mob,2023-07-01
487,CUS_0xc0f6_2023_01_01,CUS_0xc0f6,0,30dpd_6mob,2023-07-01
488,CUS_0xc144_2023_01_01,CUS_0xc144,0,30dpd_6mob,2023-07-01
489,CUS_0xc18b_2023_01_01,CUS_0xc18b,0,30dpd_6mob,2023-07-01
490,CUS_0xc1b3_2023_01_01,CUS_0xc1b3,0,30dpd_6mob,2023-07-01
491,CUS_0xc1b4_2023_01_01,CUS_0xc1b4,0,30dpd_6mob,2023-07-01
492,CUS_0xc1e7_2023_01_01,CUS_0xc1e7,0,30dpd_6mob,2023-07-01
493,CUS_0xc206_2023_01_01,CUS_0xc206,1,30dpd_6mob,2023-07-01
494,CUS_0xc254_2023_01_01,CUS_0xc254,0,30dpd_6mob,2023-07-01
495,CUS_0xc29e_2023_01_01,CUS_0xc29e,0,30dpd_6mob,2023-07-01
496,CUS_0xc2e2_2023_01_01,CUS_0xc2e2,0,30dpd_6mob,2023-07-01
497,CUS_0xc2ea_2023_01_01,CUS_0xc2ea,1,30dpd_6mob,2023-07-01
498,CUS_0xc2fd_2023_01_01,CUS_0xc2fd,0,30dpd_6mob,2023-07-01
499,CUS_0xc305_2023_01_01,CUS_0xc305,1,30dpd_6mob,2023-07-01
500,CUS_0xc38a_2023_01_01,CUS_0xc38a,0,30dpd_6mob,2023-07-01
501,CUS_0xc3aa_2023_01_01,CUS_0xc3aa,0,30dpd_6mob,2023-07-01
502,CUS_0xc3d0_2023_01_01,CUS_0xc3d0,0,30dpd_6mob,2023-07-01
503,CUS_0xc3ee_2023_01_01,CUS_0xc3ee,0,30dpd_6mob,2023-07-01
504,CUS_0xc465_2023_01_01,CUS_0xc465,0,30dpd_6mob,2023-07-01
505,CUS_0xc4c3_2023_01_01,CUS_0xc4c3,1,30dpd_6mob,2023-07-01
506,CUS_0xc5cb_2023_01_01,CUS_0xc5cb,0,30dpd_6mob,2023-07-01
507,CUS_0xc5e8_2023_01_01,CUS_0xc5e8,1,30dpd_6mob,2023-07-01
508,CUS_0xc60e_2023_01_01,CUS_0xc60e,0,30dpd_6mob,2023-07-01
509,CUS_0xc622_2023_01_01,CUS_0xc622,0,30dpd_6mob,2023-07-01
510,CUS_0xc63b_2023_01_01,CUS_0xc63b,0,30dpd_6mob,2023-07-01
511,CUS_0xc686_2023_01_01,CUS_0xc686,0,30dpd_6mob,2023-07-01
512,CUS_0xc712_2023_01_01,CUS_0xc712,0,30dpd_6mob,2023-07-01
513,CUS_0xc716_2023_01_01,CUS_0xc716,1,30dpd_6mob,2023-07-01
514,CUS_0xcf0_2023_01_01,CUS_0xcf0,0,30dpd_6mob,2023-07-01
515,CUS_0xd20_2023_01_01,CUS_0xd20,0,30dpd_6mob,2023-07-01
516,CUS_0xd6f_2023_01_01,CUS_0xd6f,0,30dpd_6mob,2023-07-01
517,CUS_0xd73_2023_01_01,CUS_0xd73,0,30dpd_6mob,2023-07-01
518,CUS_0xdd3_2023_01_01,CUS_0xdd3,0,30dpd_6mob,2023-07-01
519,CUS_0xdd8_2023_01_01,CUS_0xdd8,0,30dpd_6mob,2023-07-01
520,CUS_0xde2_2023_01_01,CUS_0xde2,0,30dpd_6mob,2023-07-01
521,CUS_0xdfb_2023_01_01,CUS_0xdfb,0,30dpd_6mob,2023-07-01
522,CUS_0xe28_2023_01_01,CUS_0xe28,0,30dpd_6mob,2023-07-01
523,CUS_0xe64_2023_01_01,CUS_0xe64,0,30dpd_6mob,2023-07-01
524,CUS_0xe84_2023_01_01,CUS_0xe84,0,30dpd_6mob,2023-07-01
525,CUS_0xe98_2023_01_01,CUS_0xe98,0,30dpd_6mob,2023-07-01
526,CUS_0xea6_2023_01_01,CUS_0xea6,0,30dpd_6mob,2023-07-01
527,CUS_0xed3_2023_01_01,CUS_0xed3,0,30dpd_6mob,2023-07-01
528,CUS_0xed8_2023_01_01,CUS_0xed8,0,30dpd_6mob,2023-07-01
529,CUS_0xfc9_2023_01_01,CUS_0xfc9,1,30dpd_6mob,2023-07-01
